emoji,name,noto,complexity,unsupported,animation_text
🌊,water wave,1,,,
🌙,crescent moon,,3.4,,
🔥,fire,1,,,
🚌,bus,1,,,
☀️,sun,,6.3,,
⏳,hourglass not done,1,,,
🙃,upside-down face,1,,,
☕,hot beverage,1,,,
🎉,party popper,1,,,
😴,sleeping face,1,,,
🌧️,cloud with rain,1,,,
🚗,automobile,1,,,
✅,check mark button,1,,,
🙄,face with rolling eyes,1,,,
⏰,alarm clock,1,,,
📞,telephone receiver,,9.6,,
📚,books,1,,,
🍽️,fork and knife with plate,1,,,
📅,calendar,,10.5,,
📱,mobile phone,,30.2,,
👶,baby,,20.8,,"The baby gently bounces in place with a soft, rhythmic bob, while the head makes a tiny curious tilt. Add a brief blink and a subtle cheeky wiggle that returns smoothly to the starting pose."
📝,memo,,26.9,,
🚪,door,,10.7,,
🌅,sunrise,1,,,
😤,face with steam from nose,1,,,
🏠,house,1,,,
✨,sparkles,1,,,
🌿,herb,1,,,
📦,package,1,,,
📄,page facing up,,6.2,,
💧,droplet,1,,,
🪑,chair,,12.9,,
🏃,person running,,59.8,,
🤝,handshake,1,,,
🍲,pot of food,,23.7,,
🎶,musical notes,1,,,
🎬,clapper board,1,,,
🧺,basket,,45.7,,
🛠️,hammer and wrench,1,,,
🏆,trophy,1,,,
👕,t-shirt,,8.8,,
💬,speech balloon,1,,,
🗓️,spiral calendar,,80.9,,
🧊,ice,,27.9,,
🛒,shopping cart,1,,,
🪟,window,,39,,
💻,laptop,1,,,
🧥,coat,,44.7,,
🚶,person walking,,38.8,,
🔧,wrench,,7.2,,
🔄,counterclockwise arrows button,,8.2,,
💡,light bulb,1,,,
🤫,shushing face,1,,,
📺,television,1,,,
🎨,artist palette,,19.6,,
🏋️,person lifting weights,,117,,
🛏️,bed,,15.1,,
🌳,deciduous tree,,7,,
🏢,office building,,14,,
🏫,school,,23.1,,
⚠️,warning,1,,,
🔊,speaker high volume,,29,,
🗺️,world map,,41.5,,
🤢,nauseated face,1,,,
🎵,musical note,,2,,
🐈,cat,,16.1,,
🎤,microphone,,12.4,,
🌱,seedling,1,,,
🧹,broom,1,,,
📍,round pushpin,,5.4,,
💼,briefcase,,1023.1,<use>,
👥,busts in silhouette,,7.9,,
🩺,stethoscope,1,,,
⏱️,stopwatch,,28.3,,
🍰,shortcake,,13.4,,
📊,bar chart,1,,,
❤️,red heart,1,,,
🔌,electric plug,1,,,
😲,astonished face,1,,,
📸,camera with flash,1,,,
🥶,cold face,1,,,
❄️,snowflake,1,,,
💸,money with wings,1,,,
🧾,receipt,,1013.8,path@stroke-dasharray,
🎭,performing arts,1,,,
🔑,key,,7.4,,
🛍️,shopping bags,,27.5,,
🚆,train,,40.4,,
🍳,cooking,1,,,
🙏,folded hands,1,,,
🥾,hiking boot,,28.8,,
🛣️,motorway,,20.3,,
💰,money bag,,13,,
🍞,bread,1,,,
📖,open book,,37.3,,
💪,flexed biceps,1,,,
👟,running shoe,1,,,
😔,pensive face,1,,,
🎮,video game,,15.3,,
✈️,airplane,1,,,
🚉,station,,50.4,,
🚫,prohibited,,6.6,,
🚲,bicycle,1,,,
😰,anxious face with sweat,1,,,
🏖️,beach with umbrella,,15,,
😩,weary face,1,,,
🐕,dog,1,,,
👀,eyes,1,,,
🌬️,wind face,1,,,
🧳,luggage,,40.9,,
🏷️,label,,13,,
⚡,high voltage,1,,,
🧪,test tube,,18.1,,
🎟️,admission tickets,1,,,
🧱,brick,,38.6,,
🖥️,desktop computer,,25.4,,
🍪,cookie,1,,,
🧦,socks,1,,,
🗑️,wastebasket,1,,,
🏥,hospital,,16.9,,
🗣️,speaking head,1,,,
🔍,magnifying glass tilted left,,15.6,,
🧒,child,,36.8,,
📋,clipboard,,16.7,,
🔒,locked,1,,,
🖨️,printer,1,,,
🔋,battery,1,,,
🥣,bowl with spoon,,11.9,,
📶,antenna bars,,7.1,,
🏙️,cityscape,,37,,
🏞️,national park,1,,,
🕒,three o’clock,,18.8,,
🏟️,stadium,,28.8,,
🪴,potted plant,,45.5,,
🍵,teacup without handle,1,,,
🧼,soap,,42.6,,
🚰,potable water,,10.6,,
🩹,adhesive bandage,,16.1,,
💨,dashing away,,13.4,,
😂,face with tears of joy,1,,,
🦵,leg,1,,,
⚽,soccer ball,1,,,
🧽,sponge,,43.6,,
🍕,pizza,1,,,
🧴,lotion bottle,,11.4,,
🚚,delivery truck,1,,,
🚨,police car light,1,,,
👵,old woman,,16.7,,
🪵,wood,,21.9,,
🏛️,classical building,,14.8,,
🚧,construction,1,,,
🫂,people hugging,1,,,
🎓,graduation cap,1,,,
😊,smiling face with smiling eyes,1,,,
😌,relieved face,1,,,
🧵,thread,,54.7,,
🐶,dog face,,11.3,,
❓,red question mark,1,,,
📰,newspaper,,56.3,,
📷,camera,1,,,
🎁,wrapped gift,1,,,
🛋️,couch and lamp,,23.9,,
🕯️,candle,,22,,
📏,straight ruler,,7.4,,
🍿,popcorn,1,,,
🎂,birthday cake,1,,,
🪜,ladder,,1022.8,gradient:SVG2tmLiMGG;gradient:SVGDM75Id2H;gradient:SVGXALO5dGh;gradient:SVGfz4xScEe;stop-color,
👂,ear,1,,,
🌶️,hot pepper,,6.4,,
🤩,star-struck,1,,,
🛗,elevator,,14.5,,
💳,credit card,,7.7,,
📤,outbox tray,,8.5,,
🗄️,file cabinet,,26.1,,
🅿️,P button,,6.4,,
🔁,repeat button,,8.3,,
🥤,cup with straw,,8,,
💔,broken heart,1,,,
👜,handbag,,1020.3,<use>,
📁,file folder,,6.4,,
🔵,blue circle,,3.8,,
🐦,bird,1,,,
📈,chart increasing,1,,,
🔔,bell,1,,,
☁️,cloud,1,,,
🌡️,thermometer,1,,,
🔩,nut and bolt,,16.1,,
🌾,sheaf of rice,,13.3,,
🌲,evergreen tree,1,,,
⚓,anchor,1,,,
👃,nose,1,,,
💊,pill,,5.1,,
🖼️,framed picture,,38.7,,
🛡️,shield,,63.4,,
🎒,backpack,,36.8,,
🥛,glass of milk,,13.7,,
🌸,cherry blossom,1,,,
😠,angry face,1,,,
👖,jeans,,40.3,,
💤,ZZZ,,4.6,,
🍝,spaghetti,1,,,
🎧,headphone,,25.7,,
😮‍💨,face exhaling,1,,,
🍼,baby bottle,1,,,
🛌,person in bed,,22.5,,
👗,dress,,14,,
🏪,convenience store,,21,,
👴,old man,,16.6,,
🌆,cityscape at dusk,,51,,
😢,crying face,1,,,
🐾,paw prints,1,,,
🍎,red apple,1,,,
😳,flushed face,1,,,
👋,waving hand,1,,,
🐟,fish,1,,,
😬,grimacing face,1,,,
🌤️,sun behind small cloud,,9.2,,
🧭,compass,,26.5,,
🧶,yarn,,30.8,,
😣,persevering face,1,,,
💥,collision,1,,,
🍀,four leaf clover,1,,,
😟,worried face,1,,,
🍬,candy,,14.8,,
🌫️,fog,,16.1,,
❌,cross mark,1,,,
😮,face with open mouth,1,,,
🏊,person swimming,,37.1,,
🌀,cyclone,1,,,
🧤,gloves,,10.8,,
🏗️,building construction,,19.8,,
🏝️,desert island,,21.3,,
✂️,scissors,1,,,
🤕,face with head-bandage,1,,,
⚙️,gear,1,,,
🧠,brain,1,,,
💾,floppy disk,,7.1,,
🎸,guitar,1,,,
💵,dollar banknote,,12.8,,
🥐,croissant,,45.4,,
🍅,tomato,1,,,
🚦,vertical traffic light,1,,,
💃,woman dancing,1,,,
✍️,writing hand,1,,,
🥪,sandwich,,20,,
🏀,basketball,1,,,
🌍,globe showing Europe-Africa,1,,,
🎙️,studio microphone,,26.3,,
🧣,scarf,,13.6,,
🔗,link,,10.3,,
👔,necktie,,14.8,,
🍱,bento box,,42.6,,
🖊️,pen,,1022.8,<use>,
💛,yellow heart,1,,,
✉️,envelope,,8,,
😄,grinning face with smiling eyes,1,,,
📧,e-mail,,13.2,,
🫙,jar,,9.5,,
🍋,lemon,1,,,
🥵,hot face,1,,,
🕕,six o’clock,,18.8,,
🕛,twelve o’clock,,18.8,,
⛰️,mountain,,27.7,,
🏔️,snow-capped mountain,,40.6,,
⛈️,cloud with lightning and rain,,13.3,,
🧰,toolbox,,29.5,,
🥗,green salad,1,,,
🦶,foot,1,,,
👏,clapping hands,1,,,
🎯,bullseye,1,,,
🏁,chequered flag,1,,,
😞,disappointed face,1,,,
🍜,steaming bowl,1,,,
🏡,house with garden,,29.5,,
💭,thought balloon,,6.4,,
⚖️,balance scale,1,,,
😡,enraged face,1,,,
🌹,rose,1,,,
🧑‍🏫,teacher,,85.7,,
👨,man,,15.1,,
💎,gem stone,1,,,
📵,no mobile phones,,15.4,,
🕳️,hole,1,,,
📣,megaphone,1,,,
🥰,smiling face with hearts,1,,,
⬆️,up arrow,,6,,
💦,sweat droplets,,4.1,,"The three droplets fling outward in a quick staggered burst, each one stretching slightly as it flies, then squash and wobble back into place like jelly. A tiny glint slides across each drop's highlight before the splash repeats."
♨️,hot springs,1,,,
⚔️,crossed swords,,44.3,,
☂️,umbrella,1,,,
😒,unamused face,1,,,
💍,ring,1,,,
🔇,muted speaker,,20.1,,
🕊️,dove,1,,,
🎥,movie camera,,30.1,,
📩,envelope with arrow,,8.5,,
🐛,bug,1,,,
🏘️,houses,,39,,
💌,love letter,1,,,
🧘,person in lotus position,,51.4,,
🧮,abacus,,1060.2,<use>,
💺,seat,,22.9,,
🚐,minibus,,20.3,,
😵‍💫,face with spiral eyes,1,,,
🪙,coin,1,,,
🚕,taxi,1,,,
🛁,bathtub,,48,,
🫶,heart hands,1,,,
🤧,sneezing face,1,,,
🌦️,sun behind rain cloud,,12,,
🧂,salt,1,,,
🕗,eight o’clock,,18.8,,
🧩,puzzle piece,,6.9,,
🧷,safety pin,,12.6,,
📻,radio,,29.4,,
🪪,identification card,,11.1,,
🍚,cooked rice,,10.2,,
🍃,leaf fluttering in wind,1,,,
🧻,roll of paper,,13.6,,
☔,umbrella with rain drops,,30,,
✏️,pencil,1,,,
🧸,teddy bear,,20.4,,
🚿,shower,,1037.4,<use>,
🔢,input numbers,,9.1,,
🔨,hammer,,8.5,,
🚀,rocket,1,,,
🧢,billed cap,,11.2,,
👨‍👩‍👧‍👦,"family: man, woman, girl, boy", woman,,,
🌇,sunset,1,,,
🏅,sports medal,,11.4,,
💉,syringe,,14.8,,
👪,family,,12.2,,
🧑‍💼,office worker,,58.2,,
🥚,egg,,11,,
🪨,rock,1,,,
😱,face screaming in fear,1,,,
🤗,smiling face with open hands,1,,,
📓,notebook,,60,,
🩸,drop of blood,1,,,
😭,loudly crying face,1,,,
🤯,exploding head,1,,,
🦷,tooth,,5.1,,
🍂,fallen leaf,1,,,
🦠,microbe,1,,,
💖,sparkling heart,1,,,
🔴,red circle,,3.8,,
😨,fearful face,1,,,
🫖,teapot,1,,,
📎,paperclip,,7.8,,
🆘,SOS button,1,,,
🪧,placard,,21.3,,
⛺,tent,,7,,
📥,inbox tray,,8.5,,
⌨️,keyboard,,27.6,,
📬,open mailbox with raised flag,,24.9,,
👓,glasses,,6.4,,
🛞,wheel,,25.1,,
👩,woman,,17.3,,
👧,girl,,27.3,,
🍫,chocolate bar,,16.5,,
🏨,hotel,,23.2,,
🤞,crossed fingers,1,,,
🤒,face with thermometer,1,,,
🌉,bridge at night,,43.4,,
💕,two hearts,1,,,
💐,bouquet,1,,,
👣,footprints,1,,,
🍦,soft ice cream,1,,,
🕰️,mantelpiece clock,,23.9,,
⏸️,pause button,,6.2,,
🍟,french fries,,15.4,,
👍,thumbs up,1,,,
🐢,turtle,1,,,
🧑‍🤝‍🧑,people holding hands,,127.4,,
🛑,stop sign,1,,,
🥞,pancakes,1,,,
🚽,toilet,,24.7,,
🍣,sushi,,17,,
🏕️,camping,1,,,
😫,tired face,1,,,
💇,person getting haircut,,66.5,,
🤔,thinking face,1,,,
🍓,strawberry,1,,,
🔎,magnifying glass tilted right,1,,,
🏚️,derelict house,1,,,
🟢,green circle,,3.8,,
👑,crown,1,,,
🌼,blossom,1,,,
🦜,parrot,,17.8,,
🏃‍♂️,man running,,51,,
🧁,cupcake,,28.9,,
💋,kiss mark,1,,,
🕖,seven o’clock,,18.8,,
🛖,hut,,18.1,,
👻,ghost,1,,,
🙂,slightly smiling face,1,,,
📹,video camera,,17.8,,
🪖,military helmet,,23.1,,
🎫,ticket,,15.4,,
🚋,tram car,,56.8,,
🔦,flashlight,,14.9,,
🥄,spoon,,6.1,,
⛪,church,,44.9,,
💩,pile of poo,1,,,
🥁,drum,1,,,
🏜️,desert,,23.9,,
🥂,clinking glasses,1,,,
🥧,pie,1,,,
🌌,milky way,1,,,
🐇,rabbit,1,,,
🥒,cucumber,1,,,
🏭,factory,,26.7,,
🐱,cat face,1,,,
♻️,recycling symbol,,8,,
😷,face with medical mask,1,,,
🎈,balloon,1,,,
🌴,palm tree,,13.1,,
🐎,horse,1,,,
🥕,carrot,1,,,
🛵,motor scooter,,33.9,,
🚻,restroom,,1012.9,<use>,
🧀,cheese wedge,1,,,
🗂️,card index dividers,,12,,
🫓,flatbread,,19,,
🖐️,hand with fingers splayed,1,,,
👛,purse,,15.8,,
👦,boy,,14.8,,
🐌,snail,1,,,
🐹,hamster,,14.9,,
🌷,tulip,1,,,
🌮,taco,1,,,
🍩,doughnut,1,,,
🧆,falafel,,28.3,,
🪚,carpentry saw,,11.9,,
⛽,fuel pump,1,,,
🛕,hindu temple,,42.7,,
🐠,tropical fish,,34.7,,
🛴,kick scooter,,24.8,,
😋,face savoring food,1,,,
🕘,nine o’clock,,18.8,,
🤖,robot,1,,,
🍖,meat on bone,,13.7,,
🎩,top hat,,12.1,,
🫒,olive,,14.2,,
🏺,amphora,,20.7,,
🪢,knot,,53.1,,
🧃,beverage box,1,,,
🫁,lungs,,23.7,,
🚏,bus stop,,33.8,,
🍴,fork and knife,,8.9,,
🥬,leafy green,1,,,
🌃,night with stars,,55.6,,
📉,chart decreasing,1,,,
🌑,new moon,,7.9,,
🍷,wine glass,1,,,
🏦,bank,,18.5,,
🔤,input latin letters,,9.3,,
🤸,person cartwheeling,,67.4,,
🗿,moai,1,,,
🥖,baguette bread,,23.9,,
🥫,canned food,,13.9,,
🍌,banana,,13.9,,
⛴️,ferry,,34.4,,
📢,loudspeaker,,26.9,,
🧅,onion,1,,,
🍔,hamburger,1,,,
⭐,star,1,,,
🇪🇺,flag: European Union,,1007.4,<mask>;g@mask,
🦆,duck,,15.6,,
🟨,yellow square,,4.3,,
🌵,cactus,1,,,
🌐,globe with meridians,,12.6,,
🏋️‍♂️,man lifting weights,,84.1,,
🟤,brown circle,,3.8,,
🕙,ten o’clock,,18.8,,
🎾,tennis,1,,,
🪔,diya lamp,1,,,
🪏,shovel,1,,,
⬇️,down arrow,,6,,
😾,pouting cat,1,,,
👚,woman’s clothes,,13.8,,
4️⃣,keycap: 4,,6.9,,
🇬🇧,flag: United Kingdom,,1009.2,<mask>;g@mask,
🐿️,chipmunk,1,,,
🎆,fireworks,1,,,
🥇,1st place medal,1,,,
🍑,peach,,29,,
🔫,water pistol,,15.2,,
🦂,scorpion,1,,,
🐝,honeybee,1,,,
3️⃣,keycap: 3,,7.4,,
💿,optical disk,1,,,
🫘,beans,1,,,
🏰,castle,,31.5,,
🟣,purple circle,,3.8,,
🇦🇺,flag: Australia,,1010.2,<mask>;g@mask,
💯,hundred points,1,,,
🐬,dolphin,1,,,
🥅,goal net,,17.3,,
🌈,rainbow,1,,,
🔘,radio button,,6.7,,
🦴,bone,1,,,
🧈,butter,,15.5,,
🛢️,oil drum,,20.5,,
🚂,locomotive,1,,,
🐧,penguin,1,,,
🍡,dango,1,,,
♉,Taurus,1,,,
🥜,peanuts,,8.3,,
🙇,person bowing,,1060.5,gradient:SVGdhHtubSY;stop-color,
🧑‍🍳,cook,,29.9,,
🥯,bagel,,17.3,,
🍸,cocktail glass,,23.2,,
☎️,telephone,,16.2,,
📐,triangular ruler,,9.5,,
😏,smirking face,1,,,
🙉,hear-no-evil monkey,1,,,
🐔,chicken,,14.4,,
❗️,red exclamation mark,1,,,
🪷,lotus,1,,,
🎹,musical keyboard,,8.5,,
🧓,older person,,51.5,,
🍊,tangerine,1,,,
🟫,brown square,,4.3,,
🎛️,control knobs,,74.8,,
♊,Gemini,1,,,
🤡,clown face,1,,,
🦎,lizard,1,,,
🔬,microscope,,31.9,,
🐙,octopus,1,,,
⛓️,chains,1,,,
🕉️,om,,11.5,,
🥳,partying face,1,,,
🇮🇪,flag: Ireland,,1004.7,<mask>;g@mask,
♎️,Libra,1,,,
🥑,avocado,1,,,
🔀,shuffle tracks button,,1010.2,<use>,
🪶,feather,,13.7,,
🦺,safety vest,,13.2,,
🦉,owl,1,,,
🪞,mirror,,32.1,,
👄,mouth,,8.2,,
🪭,folding hand fan,1,,,
🍋‍🟩,lime,,12.8,,
🐀,rat,1,,,
🤲,palms up together,1,,,
🎡,ferris wheel,1,,,
♿,wheelchair symbol,,7.5,,
🥱,yawning face,1,,,
🙊,speak-no-evil monkey,1,,,
🖌️,paintbrush,,14.1,,
🔪,kitchen knife,,7.5,,
🏳️,white flag,1,,,
🛬,airplane arrival,1,,,
🍹,tropical drink,1,,,
🫨,shaking face,1,,,
🛂,passport control,,10.9,,
🐭,mouse face,,13.2,,
⌚,watch,,34.9,,
👽,alien,1,,,
⛏️,pick,,7.1,,
👁️,eye,1,,,
🥙,stuffed flatbread,,44.5,,
📴,mobile phone off,1,,,
🥟,dumpling,,6.7,,
🐻,bear,1,,,
💙,blue heart,1,,,
🍮,custard,,13.7,,
🕍,synagogue,,18.5,,
🃏,joker,,20.7,,
🥢,chopsticks,1,,,
📼,videocassette,,32.2,,
📽️,film projector,,45.6,,
♏,Scorpio,1,,,
🖱️,computer mouse,,10.4,,
🪡,sewing needle,,12.7,,
🤍,white heart,1,,,
📮,postbox,,22.6,,
⛔,no entry,,5.3,,
↩️,right arrow curving left,,6.3,,
♑️,Capricorn,1,,,
🦸,superhero,,95.9,,
🏐,volleyball,,19.9,,
🤙,call me hand,1,,,
🥺,pleading face,1,,,
🔭,telescope,,33.7,,
🌥️,sun behind large cloud,,8.6,,
🥃,tumbler glass,,21.9,,
🦗,cricket,1,,,
📨,incoming envelope,,10.9,,
🐜,ant,1,,,
‼️,double exclamation mark,1,,,
🍯,honey pot,,17.4,,
☝️,index pointing up,1,,,
🐖,pig,1,,,
🦀,crab,1,,,
😓,downcast face with sweat,1,,,
🎪,circus tent,,28.1,,
👨‍🍳,man cook,,28.9,,
🛜,wireless,,10.2,,
🏎️,racing car,1,,,
🍛,curry rice,,30.6,,
🔮,crystal ball,1,,,
🍒,cherries,1,,,
🌏,globe showing Asia-Australia,1,,,
✡️,star of David,,7.7,,
👩‍🏫,woman teacher,,1065.7,<clipPath>;<use>;path@clip-path,
💈,barber pole,,14.8,,
🍗,poultry leg,1,,,
📌,pushpin,,12,,
⛲,fountain,,27.9,,
👨‍👩‍👧,"family: man, woman, girl", woman,,,
🕓,four o’clock,,18.8,,
🤨,face with raised eyebrow,1,,,
🫀,anatomical heart,1,,,
🪺,nest with eggs,,29.4,,
🎻,violin,1,,,
🍠,roasted sweet potato,,7.2,,
🎷,saxophone,1,,,
🧍,person standing,,30.3,,
🫧,bubbles,1,,,
🇮🇳,flag: India,,1008.5,<mask>;g@mask,
🎄,Christmas tree,,34,,
🎊,confetti ball,1,,,
🇨🇦,flag: Canada,,1006,<mask>;g@mask,
😕,confused face,1,,,
🎺,trumpet,1,,,
🐚,spiral shell,,9.1,,
🌄,sunrise over mountains,1,,,
🦌,deer,,15.6,,
🦁,lion,1,,,
🐸,frog,1,,,
🌨️,cloud with snow,,10.6,,
😿,crying cat,1,,,
🕑,two o’clock,,18.8,,
🙌,raising hands,1,,,
🤐,zipper-mouth face,1,,,
🪗,accordion,,39.5,,
🤱,breast-feeding,,41.1,,
🔐,locked with key,,26.1,,
🥩,cut of meat,,10.9,,
😅,grinning face with sweat,1,,,
🚴,person biking,,54.8,,
🩴,thong sandal,,10.9,,
🌟,glowing star,1,,,
🚙,sport utility vehicle,,23.6,,
💄,lipstick,,15.7,,
🗼,Tokyo tower,,17.8,,
👞,man’s shoe,,15.2,,
🇰🇪,flag: Kenya,,1012.5,<mask>;g@mask,
🛎️,bellhop bell,1,,,
🟡,yellow circle,,3.8,,
📒,ledger,,40.8,,
➗,divide,,5.7,,
♈,Aries,1,,,
👐,open hands,1,,,
♐,Sagittarius,1,,,
♒️,Aquarius,1,,,
7️⃣,keycap: 7,,10.6,,
🚶‍♂️,man walking,,30,,
🪱,worm,1,,,
🗡️,dagger,,24.4,,
🤘,sign of the horns,1,,,
🍻,clinking beer mugs,1,,,
🐍,snake,1,,,
🌭,hot dog,1,,,
🍾,bottle with popping cork,1,,,
⛵,sailboat,1,,,
🚶‍♀️,woman walking,,40,,
🫗,pouring liquid,1,,,
☕️,hot beverage,1,,,
😜,winking face with tongue,1,,,
🏬,department store,,40.3,,
🐁,mouse,,20.2,,
🤏,pinching hand,1,,,
🪠,plunger,,10.8,,
🕌,mosque,,26.9,,
🧑‍⚕️,health worker,,1073.3,stop-color,
💒,wedding,,49.5,,
👩‍⚕️,woman health worker,,1043,stop-color,
🐄,cow,,23.2,,
🏮,red paper lantern,,24.1,,
🚜,tractor,1,,,
🎣,fishing pole,1,,,
⛑️,rescue worker’s helmet,,13.5,,
👼,baby angel,,30,,
🎲,game die,1,,,
🦙,llama,,17,,
🌪️,tornado,1,,,
🧑‍🔧,mechanic,,63.7,,
🍇,grapes,1,,,
♓,Pisces,1,,,
🌺,hibiscus,,14.4,,
🕔,five o’clock,,18.8,,
🎀,ribbon,,12.8,,
👆️,backhand index pointing up,1,,,
⚗️,alembic,,16.1,,
🐑,ewe,,11,,
🌻,sunflower,,12.6,,
🟦,blue square,,4.3,,
🚇,metro,,37,,
🍭,lollipop,,13.9,,
🆕,NEW button,1,,,
♊️,Gemini,1,,,
🦻,ear with hearing aid,1,,,
🌕,full moon,,7.9,,
🦱,curly hair,,,no-svg,
☠️,skull and crossbones,,30.6,,
🥭,mango,1,,,
🦋,butterfly,1,,,
🎞️,film frames,1,,,
🇨🇳,flag: China,,1005.9,<mask>;g@mask,
🧗,person climbing,,68,,
🐘,elephant,,11.7,,
🤪,zany face,1,,,
🏊‍♂️,man swimming,,39.8,,
👠,high-heeled shoe,1,,,
🤤,drooling face,1,,,
🙅‍♂️,man gesturing NO,,28.2,,
🔖,bookmark,,1012.9,<use>,
🐐,goat,1,,,
🪮,hair pick,,9.6,,
🐦‍⬛,black bird,1,,,
⛎,Ophiuchus,1,,,
🪽,wing,,30.6,,
🐒,monkey,1,,,
💚,green heart,1,,,
🛟,ring buoy,1,,,
🤶,Mrs. Claus,,27.8,,
🍈,melon,1,,,
📜,scroll,,1028.1,<use>,
🪛,screwdriver,,15.5,,
🇯🇵,flag: Japan,,1003.6,<mask>;g@mask,
🍄,mushroom,1,,,
🙅,person gesturing NO,,29.3,,
🤿,diving mask,,24,,
🌩️,cloud with lightning,1,,,
🇫🇷,flag: France,,1004.9,<mask>;g@mask,
👭,women holding hands,,69.2,,
🍍,pineapple,1,,,
🌞,sun with face,1,,,
🥹,face holding back tears,1,,,
🍢,oden,1,,,
🗳️,ballot box with ballot,1,,,
🫐,blueberries,1,,,
🐴,horse face,,14.7,,
🦝,raccoon,1,,,
🕎,menorah,,1015.2,<use>,
🇮🇸,flag: Iceland,,1006.8,<mask>;g@mask,
🕺,man dancing,,38,,
⚫,black circle,,3.8,,
🛶,canoe,1,,,
♾️,infinity,1,,,
🦖,T-Rex,1,,,
🧘‍♀️,woman in lotus position,,48.8,,
♀️,female sign,,6.9,,
🦇,bat,1,,,
🪁,kite,1,,,
👮,police officer,,71.3,,
🛤️,railway track,,19.3,,
👌,OK hand,1,,,
♌️,Leo,1,,,
✝️,latin cross,,6.1,,
🚑,ambulance,,23.5,,
👉️,backhand index pointing right,1,,,
🛝,playground slide,,26.3,,
🐊,crocodile,1,,,
🌯,burrito,1,,,
🏹,bow and arrow,,10.6,,
📡,satellite antenna,,22.6,,
🚤,speedboat,,14.5,,
🇩🇪,flag: Germany,,1004.9,<mask>;g@mask,
🍺,beer mug,,24.3,,
🌎,globe showing Americas,1,,,
👷,construction worker,,1056,<clipPath>;<use>;path@clip-path,
📫,closed mailbox with raised flag,,21.8,,
🛥️,motor boat,,20,,
👅,tongue,,12.6,,
🪐,ringed planet,1,,,
🍉,watermelon,1,,,
🐂,ox,1,,,
⚧️,transgender symbol,,13,,
🪣,bucket,,15,,
⚾,baseball,1,,,
🔓,unlocked,,12.3,,
🙈,see-no-evil monkey,1,,,
🍆,eggplant,,6.8,,
😖,confounded face,1,,,
🇰🇷,flag: South Korea,,1011.8,<mask>;g@mask,
🥡,takeout box,,12.4,,
🚢,ship,,23.7,,
🩷,pink heart,1,,,
🎼,musical score,,6.2,,
🍐,pear,1,,,
🥘,shallow pan of food,,42.2,,
🍘,rice cracker,,10.2,,
🐤,baby chick,1,,,
🆓,FREE button,1,,,
🥔,potato,1,,,
🔉,speaker medium volume,,28.2,,
🦒,giraffe,,22.7,,
💗,growing heart,1,,,
🕐,one o’clock,,18.8,,
♂️,male sign,,8.2,,
🚒,fire engine,,24.6,,
🟥,red square,,4.3,,
🛻,pickup truck,,20.7,,
⚪,white circle,,3.8,,
🌰,chestnut,,9.6,,
😵,face with crossed-out eyes,1,,,
🦟,mosquito,1,,,
🧄,garlic,1,,,
🐣,hatching chick,1,,,
🫎,moose,,21.8,,
👢,woman’s boot,,15.1,,
🦍,gorilla,1,,,
🐉,dragon,1,,,
♟️,chess pawn,1,,,
🖍️,crayon,,11.8,,
6️⃣,keycap: 6,,6.8,,
🕵️,detective,,96,,
✋,raised hand,1,,,
🫠,melting face,1,,,
🗝️,old key,,12.4,,
🦊,fox,1,,,
👹,ogre,1,,,
✊,raised fist,1,,,
🪯,khanda,,8.7,,
🚓,police car,,21.6,,
🤦,person facepalming,,1059.7,gradient:SVG26H6fc2W;stop-color,
💘,heart with arrow,1,,,
🇵🇹,flag: Portugal,,1007.5,<mask>;g@mask,
🥦,broccoli,1,,,
😈,smiling face with horns,1,,,
🤷,person shrugging,,33.5,,
🙋,person raising hand,,60.3,,
🍁,maple leaf,1,,,
📘,blue book,,13.7,,
🕷️,spider,1,,,
🪫,low battery,1,,,
🧋,bubble tea,1,,,
🌽,ear of corn,1,,,
1️⃣,keycap: 1,,6.1,,
🛫,airplane departure,1,,,
2️⃣,keycap: 2,,6.8,,
🦐,shrimp,,14.7,,
🪤,mouse trap,1,,,
🪄,magic wand,1,,,
🍨,ice cream,1,,,
😑,expressionless face,1,,,
🔙,BACK arrow,,11.5,,
🤵,person in tuxedo,,61.9,,
📿,prayer beads,,106.5,,
🍧,shaved ice,,19.4,,
🌠,shooting star,,26.7,,
💜,purple heart,1,,,
🚡,aerial tramway,,36.8,,
♍️,Virgo,1,,,
🐞,lady beetle,1,,,
🇬🇷,flag: Greece,,1006,<mask>;g@mask,
🇳🇴,flag: Norway,,1006.8,<mask>;g@mask,
💓,beating heart,1,,,
🟩,green square,,4.3,,
🇹🇭,flag: Thailand,,1005.4,<mask>;g@mask,
😍,smiling face with heart-eyes,1,,,
🤥,lying face,1,,,
👎️,thumbs down,1,,,
🐈‍⬛,black cat,,16.1,,
⁉️,exclamation question mark,1,,,
🦭,seal,1,,,
🖤,black heart,1,,,
🐥,front-facing baby chick,1,,,
⏩,fast-forward button,,8.6,,
🐋,whale,,15.9,,
🐺,wolf,1,,,
😎,smiling face with sunglasses,1,,,
👾,alien monster,1,,,
🛸,flying saucer,1,,,
🇮🇹,flag: Italy,,1004.9,<mask>;g@mask,
🪇,maracas,1,,,
🎃,jack-o-lantern,1,,,
🔕,bell with slash,,24.7,,
☸️,wheel of dharma,,12.8,,
🌋,volcano,1,,,
♈️,Aries,1,,,
👬,men holding hands,,68.3,,
🧛,vampire,,1071,<clipPath>;<use>;g@clip-path,
😘,face blowing a kiss,1,,,
👒,woman’s hat,,21.2,,
♋️,Cancer,1,,,
🐓,rooster,1,,,
🥼,lab coat,,26.6,,
🫛,pea pod,1,,,
🦔,hedgehog,1,,,
🐷,pig face,,12.8,,
🧚,fairy,,92,,
💀,skull,1,,,
🫥,dotted line face,1,,,
🖋️,fountain pen,,25.2,,
🥿,flat shoe,,10.7,,
🏏,cricket game,1,,,
🇧🇪,flag: Belgium,,1004.9,<mask>;g@mask,
🧟,zombie,,46,,
🇩🇰,flag: Denmark,,1004.6,<mask>;g@mask,
➡️,right arrow,,6,,
🏍️,motorcycle,1,,,
💇‍♀️,woman getting haircut,,1050.6,<use>,
🇳🇱,flag: Netherlands,,1004.9,<mask>;g@mask,
📇,card index,,37.1,,
🥊,boxing glove,,5.1,,
🪩,mirror ball,1,,,
